Simulation,Supremum_Mt,Final_Wt
1,0.716291675614798,-1.0453386154354751
2,0.9194088565573483,-2.987450096651175
3,1.0744146176006637,0.902237537399731
4,1.3830958720634166,0.9527751876542814
5,2.199260992028772,-0.7306766696608908
6,1.7256830382455954,0.3261479695037454
7,0.8295864510868839,-4.078770477571446
8,0.7803333902070093,-1.2637748019797705
9,0.2037727688150594,-3.4555188689388054
10,0.679853616279565,-2.5060478003858355
11,2.2615274876408007,0.48070780563739546
12,2.2511935537776813,-0.15820922306358412
13,3.4854164648782513,1.7092177060535605
14,3.9781829853284294,3.9781829853284294
15,0.9344589527352399,-4.361972826277649
16,4.489046525396734,4.375925664199114
17,0.9002040992773656,-3.5521814641418734
18,4.387920713503191,2.962899023457233
19,0.1518346724491835,-3.8155499551553507
20,6.620313927850723,2.7967181141068074
21,5.434486259273776,5.106350576722745
22,2.8877668090739057,2.1532822380710863
23,1.3100681882054774,-2.0434112368127466
24,1.9057722931806063,-0.11236083283030558
25,2.480886868501673,1.1449231332656085
26,8.578907499213614,8.365575187458587
27,4.6219666195070905,3.7880509050777684
28,3.3496163532124634,2.9960565346521153
29,0.11702705055698992,-1.5148614010899448
30,0.5028076827721523,-2.991047217792269
31,0.03213219054447172,-1.1792209461466667
32,4.00621002968749,1.1937282308416397
33,4.41796073575717,2.661376550858785
34,2.494680018183043,2.220048124566046
35,1.7789676541690822,-1.2445659385527374
36,4.12677864080355,4.12677864080355
37,10.227494076006451,10.087462230205135
38,0.994756050616814,-4.894235176689369
39,4.48453229573809,2.251633286208814
40,1.1160197618405594,-5.016301474864118
41,3.3372724890880243,1.8056506901810983
42,0.5233973506651122,-4.297264179001742
43,0.8836191065157211,-2.1532257653892395
44,2.5478856651400896,1.901505287073122
45,2.3647265697127207,1.9191233971562887
46,3.364505476829197,1.7737340607058742
47,0.5523103102038982,-1.4434137733460168
48,1.7587996531204244,-3.2207191032942712
49,1.5283260655435555,-1.7932206589195645
50,1.9543452528521639,0.7941723644680364
51,0.2758580588877363,-3.218490644080997
52,4.585769120821137,1.6639820793398574
53,6.565694484757251,5.592118694251617
54,3.941977080232595,3.3854327259144013
55,8.34173584244294,6.169302324029122
56,2.4159923039635856,-3.7344267784807994
57,5.985505118595404,4.459549739818697
58,0.4609184846343769,-3.0752232231330865
59,6.295483503620538,4.129510535856381
60,2.250425482693554,1.7231927741895938
61,1.0745889079827553,-1.5431152884145858
62,4.0253031072400765,2.0241008681136
63,2.0225608196351406,0.7329752613522793
64,2.254243185696759,1.610672841656572
65,1.877887568813795,-0.9281190670753542
66,1.4837621739324964,0.92116538588409
67,0.7648972855397449,-0.8080615742628887
68,0.0,-6.0899775663731255
69,3.50771273255061,3.50771273255061
70,0.0805997607132875,-5.406641223342956
71,1.4104067781155585,-4.832788300103802
72,2.541670823894794,0.9653659398649073
73,0.7286931700242029,0.3238521828237901
74,3.520423700093231,1.474481503673409
75,4.875437663434277,3.7447164623743334
76,4.183813761482122,0.8111640659942041
77,2.3040981946219836,1.1981414336596574
78,3.814163806995129,3.3975495066027626
79,3.225720838665685,1.5840261251374774
80,3.7784385777795424,2.8535999513348482
81,5.927847314557625,5.607110755992919
82,6.008211080374906,4.554622013369114
83,0.5161977408296547,-4.270916844792496
84,1.3712528654617777,-2.283604098507111
85,1.264386312756423,0.11259758421466165
86,0.7495864192149432,-2.3023741846851404
87,5.626528958218936,1.1562455656489476
88,2.150154310372032,1.468282787793293
89,1.2209353582544735,-1.6589924895753145
90,5.022366673934632,3.0829510453466256
91,4.13805697666157,3.6239750594702986
92,5.019151240930441,5.019151240930441
93,4.442768732378541,2.5995453576600296
94,2.0572948657122008,-0.49309005305486064
95,1.8087534455831742,-1.098863271574841
96,2.191664522409576,1.6467776423905274
97,3.816665791452245,2.716410774197705
98,2.878026391188305,1.3116730252483997
99,1.9492774423225205,1.5585135883565826
100,7.88170379082076,6.084150211356597
101,0.5478953054517117,-4.494174995849117
102,4.4679368473766665,1.4021699559118712
103,0.38496015707088266,-4.769884895874109
104,3.230633499066113,0.3193775271384571
105,5.842394129010403,5.492208024722274
106,0.6614884728349613,-0.8186661727699627
107,2.4649235547113353,1.8522870105628497
108,5.8731763111116795,4.715974134661398
109,4.584669498100862,2.7183661321009014
110,2.6413621126309383,-2.8916495180029544
111,0.2172429478887536,-4.380758632541454
112,3.9053270821489487,3.06550429358614
113,1.4517237952412585,-1.6927387920210264
114,0.5596300695971314,-3.9581690142430355
115,0.05013055320259009,-4.71498050769046
116,1.7474876783516637,-4.030762472369961
117,0.40009320435429585,-1.3572732920152542
118,5.811645832524285,5.787794023590914
119,8.295802028192384,7.821957689897552
120,2.934859899175207,1.3060160767814577
121,5.101707291503312,3.3745507975832587
122,0.6027837467363548,-3.9944129248149887
123,1.7717434724898404,0.7929150565685581
124,1.468433578393708,-5.090061058307977
125,1.700495494968239,-4.906139627573342
126,0.8368067480154036,-2.48721208424019
127,0.49419996968949775,-7.359906984683512
128,0.3595836997089728,-3.669940023301095
129,1.3891893733816907,1.2516304521761075
130,0.4762412409339958,-0.8603597332795931
131,7.434404559958668,7.316691881384134
132,0.052266434214557525,-0.8675892476262903
133,3.8309807101914846,1.7152055588576998
134,5.904825742943601,4.287760469264127
135,0.0,-4.110143486139719
136,3.8461620388601347,2.9368634505578344
137,3.145716258337692,2.1429903325248785
138,1.028219425236253,-3.3790120195201805
139,4.852286810459618,3.8259983729634683
140,0.9953107754955288,-0.9217094347554148
141,0.09094013916066329,-4.575555923217434
142,4.852747149093177,3.0873735833201
143,1.0693526684781325,-0.21982470762870066
144,3.8282540612782805,0.4568739682090796
145,5.300444882176155,4.264602214906449
146,2.4668302230042687,-3.617384839397541
147,1.524317451672678,-1.0021612618103934
148,4.8256544469599225,3.1001708975030002
149,3.261023833241308,0.1391317719644265
150,2.3210025038867643,0.5123129216086902
151,0.4200258047764929,-0.6995689949471535
152,0.6694080861557581,-2.708120033058631
153,1.1078439711449442,-0.5423625418313969
154,1.0360468598633803,-5.636435986621782
155,1.5935923937497436,-2.332527547275995
156,0.464712947246727,-3.070107208253824
157,3.1629862955990053,1.5218719055140406
158,2.1222852545096833,1.4341514397589423
159,1.9502500019061018,-0.15144274004348002
160,8.822567785385816,8.197665480489363
161,2.9939616394075275,2.9939616394075275
162,1.91651873256776,0.29037483597699176
163,1.8122223597774045,-0.5326207188211731
164,3.5475647769818806,0.6058652882558284
165,4.922314806036039,3.844450168741896
166,5.757419987280353,5.216667939828173
167,6.277229047091693,5.03348062227605
168,0.10439763965311034,-5.071013377828372
169,2.587829785048181,1.8381278945192467
170,2.3500563515062476,-1.9409573094362966
171,1.9963053291712385,-2.084346240058997
172,2.407918326231303,-0.7539422765497354
173,1.2384059407533137,-0.6015509424970866
174,0.3463249549178403,-3.040449633013079
175,0.48832472253422604,-2.6624488742661017
176,1.3186671214946422,-0.23116557929387116
177,0.8508718353912325,-4.48586354130294
178,5.560840693180971,2.541031933650071
179,1.6910719875599003,-3.2546754988264968
180,0.5796951752471768,-3.1694425753559745
181,2.112612541682515,0.2942616713637134
182,0.03364557773490917,-0.9391009547984169
183,3.547247229013692,1.85414470362259
184,5.929478578119066,5.1284582400215575
185,1.024206462914224,-4.95730939396865
186,0.8312310457453324,0.8312310457453324
187,0.7148084760032662,-1.5650460596445428
188,2.6353445575437857,2.4995999040662005
189,3.3089514543797782,1.5462010024533341
190,1.8459108372713855,0.07467933468254823
191,4.17278993191068,-0.4148147530574617
192,4.102913560541865,3.2081064152955214
193,4.058479779507108,1.1167571702839256
194,0.04979288155455993,-2.6548790404662066
195,0.16562946018848568,-4.29860796519781
196,3.086835555415067,2.824913119763498
197,2.382126189861988,-0.10733958875026575
198,2.793890582044017,-0.011793870173183375
199,2.3462369235387683,-0.8152287959789872
200,3.118007096512224,-2.823594542709146
201,0.8957669856529771,-3.156309488535864
202,5.477403257869866,4.439781048375353
203,4.179217478299923,3.250140717937034
204,1.1495886362876417,-0.1604942717886172
205,3.7360948930808906,1.8476943120945182
206,3.5823577354859237,2.4366054987052337
207,2.447449678292426,-0.18512107969501804
208,4.7750344917493,4.490341932856392
209,3.6366499405441117,-0.5384532529350948
210,2.5226805334108002,0.33244559668012263
211,2.2571840951922812,0.9038188399722553
212,2.9911294342575188,2.600100760156281
213,0.13362230900429128,-5.313653062445276
214,4.260284388693028,2.797243431172481
215,1.96336259610658,-3.145069289769202
216,0.55982747728472,-1.0284019181809092
217,4.296011430298573,4.293222114983521
218,1.309980816290026,-1.4626222304813712
219,4.610993646114127,4.107026356440673
220,3.173359764192872,1.775828226746047
221,2.075926752098156,-3.651216738115556
222,2.5569206027524185,0.4900725816860594
223,0.0,-3.7319385691364477
224,4.570971321186098,2.129133080486323
225,2.599285666833966,-0.9317126717403179
226,1.2705926337878892,-4.047645043220286
227,2.4779614621558763,0.13344447422753328
228,2.4000777083153917,-0.78655013856279
229,0.0,-3.9458395326627227
230,0.0,-2.346110269890282
231,1.0913493269169823,-0.5116943595246534
232,0.32956309124494093,-1.5106691718241942
233,2.5801972856274284,2.198780147563743
234,6.837991508065887,5.425144881864269
235,3.066957599627942,1.5740582153762057
236,0.6033303518948935,-3.841197104814757
237,0.8738791054363665,0.8195510723088755
238,1.3410976325261585,-1.333581643328841
239,3.5312348400614875,2.880602866521014
240,1.8770072756053542,-2.075501231472145
241,1.6359302080496039,1.6359302080496039
242,2.378077048935361,1.6684489530571533
243,5.036511790702776,4.105955046977676
244,0.9003915193744401,-0.42980130632103747
245,1.2758391515599437,0.6970708406312908
246,0.4777844657992528,-0.13156044636138295
247,1.9542303887378174,1.4754506043230031
248,3.6565341693118207,2.9276690458473063
249,4.521906783311219,3.8093459874536872
250,2.6083344274144915,-1.1396638104459849
251,3.221591845652335,2.6319410618993535
252,2.7837591070599284,2.7013710460514586
253,0.5160481966711321,-1.5192178254106383
254,1.3985250089365686,-0.44953796665039136
255,3.8920377490534963,-0.10039293149753893
256,0.8536237855122437,-1.6129366126161917
257,2.320694056586843,1.3804325795681398
258,4.241653738866447,1.3442099628415682
259,0.08033654165520006,-7.705362657822314
260,4.775325994984845,2.5442943187866374
261,1.1642000788444489,-1.4108894629133302
262,0.6506596447839932,-3.977374342978424
263,0.6714561418024924,-0.7281085921761858
264,5.747453629797124,5.4531618207289085
265,7.672558014838232,7.554269727741922
266,1.6627804977152578,-1.1340381243063122
267,7.150034163622839,6.076745709815026
268,8.957241255936093,6.583650208456478
269,0.28204438688324135,-6.458269577050399
270,1.9944444799777667,0.6468640080636248
271,2.6637226769592126,-3.3150401389943753
272,1.724864212690677,-0.3819233444187151
273,3.230850795674808,2.9100400876004304
274,0.22816669950744028,-1.387925785521507
275,1.4061130956400458,-4.877025437462502
276,5.362065564297032,4.473406411720948
277,1.7995018647643581,-2.718079225392458
278,1.732228569274971,-0.8228193671581844
279,3.8725026284913917,1.2830644753283218
280,1.0797735962055333,-0.877850371893512
281,1.1857272873557867,-2.526166328150181
282,2.5507689445903674,-0.49451602673962763
283,3.391038275885073,-0.5400074432959918
284,5.617727344776421,4.927215100218517
285,0.31525986773179004,-8.273507684618844
286,1.485304266885045,0.024170839061084165
287,0.4902641540586876,-0.749818272731594
288,0.40395077568669163,-0.424088122616322
289,7.0801209009986374,6.899273273422543
290,2.513293365866104,-1.4222410373545815
291,0.0,-8.9222420498999
292,6.301819701713277,6.118171911504957
293,4.043663364648766,1.5255611727667167
294,0.7055163616801579,-1.8121438632642084
295,1.786135917023247,1.4275609289811138
296,0.69095841921329,-5.34068347281356
297,0.5321524146073482,-3.3948972690737085
298,3.065145289144177,0.01757241086680217
299,10.486314093233434,10.12365267692036
300,1.2573503499488838,-0.1514009617384634
301,2.7703337366345933,1.9095608739449714
302,1.3673885980489193,-1.4308935649772574
303,1.8824297508457213,-0.10357105888812015
304,2.8079006866671072,-0.45800746973349865
305,1.199438693509492,-5.916274834273317
306,0.0,-5.60818417074118
307,2.096668761409086,-2.3153628168904317
308,0.04697192162371015,-1.3705191186842351
309,0.9841516757460262,0.8171726291542256
310,1.0608441058566274,-3.6667528610206923
311,0.6391272631854436,-2.833564971249249
312,4.436474125574503,-0.2706251775274952
313,6.444945307763677,5.374124575971837
314,0.8681202398787049,-4.7796899020310235
315,1.23784080676102,-6.399344459078898
316,5.062970829659824,3.3845527614592013
317,1.173700076510766,-3.7203932428995987
318,5.157163498993594,4.04728554666871
319,4.230114512980962,2.641624935178616
320,6.874920968310524,4.604478400451699
321,2.7149031742533745,2.484906249408204
322,5.979225500802302,5.0668219930290395
323,6.7243062592729,6.3806258723417395
324,0.4816784782836717,-0.5697383489157655
325,3.4327745149173587,3.4327745149173587
326,0.5433768188779464,-1.2862081457756416
327,4.892456691576871,4.179190675723015
328,0.8523125877573934,-1.5238238835639457
329,2.171133333972941,-0.7842720436086067
330,7.2506108995146885,6.46448690234391
331,2.487228377467554,1.940129484652532
332,1.8713567437872456,-1.0540391776122655
333,7.144491503238931,4.0331164397598815
334,1.675257421523276,-0.5667851043876864
335,1.7643568884697158,-0.08291728317261315
336,0.4943994297851329,-5.868241567375767
337,0.8026854884424026,-3.617346422398886
338,1.4057608582969054,-2.552402528467104
339,3.067945457109343,-1.417641545986486
340,0.0,-4.053804080401263
341,3.3989170811391545,0.6787073722582165
342,7.448891964827831,4.961361092034994
343,1.9056534942475187,0.029829840229027564
344,0.44593634595120957,-4.9640084706522565
345,0.2679119683305726,0.253525160213149
346,0.6669790052416195,-1.4369228504455807
347,1.773604218551557,-6.15940246850259
348,3.866049399163211,1.9428691654426549
349,1.707147000516708,1.3557937473542687
350,3.0442442575988142,1.8361502119415865
351,1.4100527092236932,0.7604778578510064
352,0.4855860066517187,-1.6347584701831077
353,4.316508622515832,2.4045016899906884
354,0.04505884753058499,-2.172011949044237
355,1.1917193448673231,-1.4759798798705626
356,0.2187529709821117,-1.9827293284118122
357,4.848567330467835,4.541457721957796
358,2.5940633153521446,1.2344630960322434
359,2.983380148746732,2.2449460623058557
360,2.539688057301477,1.3998537588947235
361,5.2876384060708155,2.263528222296789
362,1.5516768722274503,0.7920708687661502
363,4.319275082794346,3.657184407541805
364,1.7315113308093246,1.004673484876834
365,0.909340164622511,-5.604624808772119
366,4.181745461006095,3.1523426442780926
367,0.4116139742442496,-4.806413698382412
368,2.520877984180033,2.520877984180033
369,1.0262132080240625,-2.0999012092313696
370,0.5695628631481341,-0.02330004786251294
371,1.811280989161464,-1.0532757511427544
372,0.0,-3.8868464428094027
373,0.6758194021246575,-2.2507536698310555
374,6.5333555053175285,4.6929610746684585
375,0.032304588503907945,-5.94143954304656
376,2.376233529470864,1.9322835033242998
377,1.3737884908345261,-0.7042948672953286
378,3.8297153868995677,3.7837124295733426
379,1.1663570209936722,-1.5911256554661626
380,4.456197676449316,1.158316966508788
381,2.948924234998504,0.7151606793972437
382,0.506516498169007,-3.6018233632782266
383,0.8815347768084038,-1.6877388727194298
384,0.6639877997218505,-3.730000085515406
385,2.723868823200206,2.2141439313667832
386,0.3851192285166082,-0.23145183267369174
387,3.2132259321142835,1.9926110582318621
388,1.7865965928250587,1.1164384227950752
389,2.3206110224055476,-4.181973188147678
390,0.8483119221412512,-2.4380783819327214
391,5.3263489213868676,5.3263489213868676
392,1.1542669050702947,-5.509175313289413
393,0.8483685229223541,-2.349105662983416
394,0.7966486047080769,-1.7108000084777422
395,2.135540536742669,1.757317022139812
396,1.1567565441620489,-2.8702376931944533
397,3.070998019103994,2.7976903816164898
398,2.5927783819266073,0.10287962810593396
399,1.8368701023554597,-2.059936907623334
400,2.0193004138554347,-0.7943960681665598
401,0.7950926475733746,-3.9334102170197833
402,4.630350235231017,3.5996136297007824
403,3.3320248479205508,1.8107755799829346
404,6.0448850645541805,2.808988456476464
405,3.2784113552923992,1.8312258958159704
406,3.7814050539500483,-0.33479989830878915
407,2.3075844021852476,-0.7057740534431551
408,2.2820378174940896,-1.5415516179051647
409,3.7201172691680973,1.9219013564091958
410,8.84064452091644,8.042491074828977
411,0.8966563837006554,-1.7102289062495855
412,3.3720526005148885,3.1867532816347772
413,0.1463412846153134,-0.0663416280506472
414,1.573430148286294,1.2153880160504749
415,0.189885188742406,-0.740276960730173
416,3.729035898214601,1.2941371785587452
417,3.87295194194871,2.0350026440908846
418,6.969888840604861,3.2747912716552547
419,4.799241994606467,3.6724428869253654
420,1.6140018981216047,-3.4244537003366546
421,4.436301413400281,0.5606707364919374
422,3.4839235082081523,2.1042853278223848
423,0.17882774847447075,-1.78451388313934
424,3.034689047434415,-1.8545466368782684
425,1.3708650287247257,-1.0939817708630835
426,3.3123252268351826,-3.5504207684545195
427,2.3847472772036515,2.2943299828770245
428,2.8798933408146934,2.80706086633091
429,1.1025160009325246,-9.717287797017578
430,1.1462150324344929,0.48779895482062474
431,0.2600161982767483,-7.220436888439457
432,2.840128701726483,0.1556738744706878
433,5.038908365561092,2.8875551515438254
434,2.312373403891098,-4.7344375922084385
435,1.5090237044956258,1.3896983032080865
436,4.04509485156169,3.1419808349311067
437,1.5065114641349697,1.020533483567268
438,1.9158554235100609,1.002116563264481
439,0.7759587482268466,-3.5331236423968586
440,1.6955991560073211,0.5357673235145839
441,1.022521672278824,0.4410332094211924
442,1.407019523011302,-5.109077956205208
443,5.312435836213778,5.096071315165535
444,1.63348877232349,-1.5555625209626025
445,0.6747042050064742,-0.9273758588087118
446,3.434110168825017,-0.03331874807368268
447,4.586604235467977,2.1575366790085866
448,2.693172059903905,-1.8064020697935426
449,0.4669866058872838,-2.7183088522604306
450,3.669161485760496,1.8249227938566217
451,2.9992198134182826,-0.09137389785981273
452,0.8341560293932494,-3.211438946615358
453,0.5596725447536409,-2.811734643995895
454,1.5248007766207945,-1.5774227280373279
455,5.866163696761265,5.708935799677067
456,3.7613236109139896,3.6297431323651392
457,0.5193621455509142,-1.9609418441725521
458,4.4059654818694085,3.4898910732957784
459,1.0461842313121732,0.42964956478216587
460,1.0039270033829835,-1.4611437049398455
461,0.6459397841897379,-10.22672209344841
462,1.3233387681465056,-0.8036217184123415
463,2.650223701129932,-0.10921573180245107
464,2.716207634229959,0.871625397627585
465,3.571178391622155,1.0523715829697808
466,3.6516529539819116,1.074979671601746
467,1.1949154355124136,-1.087065531724537
468,3.71179778912793,0.7354798779826272
469,5.7752819754011755,4.148568557205317
470,8.72195833136385,7.9770340695448345
471,3.89288866613763,1.8821883449967196
472,4.442020923765398,4.392551554911386
473,0.19529987983861072,-2.337312271898823
474,5.262364361065335,1.6720861749533906
475,0.04776061165182388,-0.13625229978822448
476,3.611318201640935,3.1655917797744433
477,2.1369851728331968,1.9695679372602406
478,5.072985938547906,1.7742347086120347
479,3.054051635453031,-0.6625653814386945
480,1.1008763864673736,-3.952441083686731
481,0.7295670398266298,-5.05695257020057
482,3.9006444619045397,1.1489700422355345
483,3.7129416083777333,3.3016409504763433
484,2.289785693654406,1.4382225737027197
485,0.0,-1.9323064054130947
486,3.027711397547539,1.2928317338014539
487,4.851427601850438,4.389638641036289
488,1.1314810798721753,-1.4135226290044083
489,1.4858874932717534,0.41084634498303396
490,0.07902682441842293,-3.4210859914865437
491,3.8287742380140695,3.5914340187339255
492,1.8015855181009106,1.416591521537295
493,2.45875075062511,-0.10479278901307604
494,2.3481387120157495,-0.10129616320904829
495,5.384229012235886,4.8776668433556525
496,1.011321918974906,-4.2412028715566095
497,1.548636629188272,0.2745624769300187
498,0.30332742020327036,-2.8716905454604733
499,1.5816212919946333,-2.45341954134895
500,3.4017454628597203,1.7595250065090309
501,0.31583152096879863,-8.754868636889723
502,3.596135716783351,2.7910001170049292
503,1.0746889411601714,-3.407307496384986
504,3.8993647356915,2.2398686832583454
505,2.676205647310464,1.6122390553371737
506,3.5414276749206635,0.8001783430806872
507,2.1523003021670215,-0.8420797402872146
508,1.0932941430189984,0.36273461400562645
509,3.231860657822247,3.121591772998419
510,3.1867529403589145,-2.0762336403308965
511,0.3670427054425491,-1.0377435940460598
512,4.274261022037493,3.4952272019375807
513,0.08414945160220652,-9.259577575867185
514,3.877657620597695,-3.340441821163327
515,1.0963667368700303,-5.768595301894554
516,9.80585211039773,9.703517029812078
517,0.5134224690031635,-3.7711449228112652
518,9.371338035611995,8.985855908232091
519,3.186196129419553,0.28253725145534814
520,0.43801309633276536,0.075740936145749
521,5.5888776570912295,4.9302350816037
522,0.0,-3.794192881028619
523,8.97277770493715,7.3660771538478125
524,2.6998919236706014,-2.54574543724053
525,0.44154777321443717,-2.8694579706401235
526,2.2608233395514623,-6.910286904956322
527,1.810135500547517,1.0445408663177507
528,4.277595853039082,2.4568654007167643
529,0.950373756293012,-1.3891933491663404
530,0.1379420253896306,-5.6633260884810355
531,0.31330984600113104,-2.061372042888514
532,3.6025368337752957,0.515432750191779
533,1.9264855801150598,0.4513762872665667
534,2.803712480775976,1.343128604536513
535,1.9689936772159151,1.9324563110898483
536,2.8102548004492642,0.7640946761724047
537,0.41515176977384544,-3.254855703824578
538,1.2390979718310784,-0.7278352727108596
539,1.7446518159932631,-4.095843572217706
540,4.058161539865484,2.320376227380074
541,3.869888036927846,3.0807329061252164
542,1.7170955471609308,0.18568944978165597
543,2.908997804759414,-0.8720874425972289
544,9.400409666971692,7.726137195798225
545,6.9639173117130175,2.953522831486376
546,1.0343879971897838,0.691568584296119
547,0.0,-5.219666928449768
548,2.9385336523070698,2.4234932309118213
549,0.3675301605682471,-4.23359269557883
550,0.860515613012073,-1.4217426727505513
551,1.0625632165096919,-2.175351695769726
552,1.4561439772024167,-4.233676720981197
553,1.5604622815877156,-2.1811908451322877
554,3.0429515764055726,1.0348565259441795
555,0.42212029287830666,-4.704697457392754
556,4.858409561974111,0.3487648725173536
557,1.2879546572011633,-2.0565688443766135
558,7.111859728018725,5.544902842487523
559,0.5301820720116702,-0.39179171106342203
560,1.5044968252896023,-1.2021722936780044
561,4.645491095757369,4.283810486799762
562,6.059646665166444,5.969333456118644
563,3.355489533151333,0.7974393025341169
564,3.764820329874504,2.4938697404250934
565,1.179120947582673,-1.7742650555217834
566,4.112219388953021,3.958945461459615
567,1.0161326200745868,-3.8044383495688088
568,3.8949695077639626,2.187769320564942
569,1.4967131410724075,-2.5097378896600713
570,0.1967367999898173,-0.9373818187240126
571,3.6955615352536606,1.6312906676181127
572,0.2729862807039597,-2.1663994595662452
573,0.418015609867709,-4.417856389561825
574,4.141522307690504,3.546518113007135
575,0.8932968172932167,-1.1145195190531043
576,1.3878257031154972,0.7809763929360932
577,0.3909432160363845,-4.597860572681409
578,2.787198924922789,2.628282307403296
579,2.9341373922357215,-0.4756056842173688
580,1.5455981740270173,-1.5261432223991858
581,3.3373542703804286,0.4273830325068274
582,3.4402813313287073,0.0845078885550594
583,1.4705187644368733,-1.1476454656842854
584,1.6414070739273614,0.6540172427049027
585,3.758730721116096,1.7224131784496652
586,0.5114162873195589,-3.6346916001539964
587,3.588722276182406,3.522868657009568
588,4.0367713639814555,2.62556403295051
589,6.15847274889814,4.539797516845658
590,5.676432954854783,4.164504812201457
591,4.602725767508971,1.358413322436042
592,0.07625169246455,-0.759594338541134
593,1.4134190170359346,-1.4548682353713727
594,1.9159102384400066,-1.251915831314543
595,1.2357388464604728,-2.933614366908688
596,2.1200340523639962,0.1689145080715945
597,2.8805850995366855,1.5656164222476328
598,0.31960539146672157,-2.2705472514449383
599,2.9048832343552395,-0.7847687447981633
600,0.2793658997237476,-3.356341078893829
601,0.5873355099956518,0.4697416990904139
602,0.4684377006009325,-0.8309892622161213
603,0.6098377760672677,0.38496800069478027
604,2.241553776756696,2.0415172996817095
605,0.047918822659642785,-6.664331902433006
606,2.827390468505306,-0.038696503866903306
607,2.3668228796987862,-2.651688551493058
608,1.4441594245218803,-0.27957457541251973
609,1.949147097083239,0.8272254481250914
610,2.43571619386202,-2.866144895376993
611,0.387452853825966,-5.898692890109486
612,0.0,-1.453622951222648
613,0.5796364536893059,-0.0610637786323484
614,0.3160218218507308,0.05974041737787289
615,1.3220150520064045,-1.2365005520790022
616,1.8172321206837472,-2.8546244499475217
617,0.0,-9.864599409819789
618,3.0981448872934,2.2608945488047523
619,0.220882812079511,-6.994295534635803
620,2.251834827677152,0.14911833923592954
621,1.7770873899875002,-0.2698088786713529
622,1.785199100656434,-1.6209271049139462
623,1.0447709673335261,-3.5158961835254874
624,1.9577145253455162,0.2349849891113217
625,3.11566055743806,2.090040280457393
626,1.85259063551947,0.43084681156951626
627,2.823398600662794,1.9491067333390384
628,1.1327162606276044,-0.5813589533878489
629,0.874690722990002,-2.9009502381132113
630,8.027564961598163,5.185406076788383
631,1.8110809682156728,-2.1428197690503654
632,3.5177890265488414,0.38867293585696283
633,2.590386025910649,-0.06576850343695495
634,4.298259716618177,1.590928268501832
635,0.0,-2.423916369976137
636,0.33167072593312047,-1.8911192806807473
637,0.6287317200076382,-2.2991544747400914
638,3.3958773361536694,3.0113341990005607
639,5.542350112334986,4.401985630522403
640,0.2308167593074467,-7.372898011879425
641,1.1218737607028626,-0.8716344324875491
642,0.10335984446618388,-1.0597051504141533
643,6.917385304093623,5.039970524771742
644,2.896253914649385,2.070043257640375e-05
645,3.0161191380039916,2.559250108858384
646,9.018391366271207,9.018391366271207
647,5.646971936860054,0.18020154619733425
648,1.0517796608441121,-4.369591175538435
649,1.5844691098967127,-2.8339371490497736
650,1.3365849961985188,-0.9458286833245152
651,1.201937104318227,-3.3212365299055873
652,5.5458534818625065,2.437200962651712
653,0.2501464403190172,-5.719933043545381
654,0.7062732353904169,-3.3408591841779
655,2.5314075364782065,0.33429501410453205
656,0.031341712036298035,-2.258347855695198
657,1.5924744349946987,0.30977657483611687
658,2.2826332994963177,-2.829250305992186
659,0.3441438361665943,-4.999770969761174
660,3.2473403361386675,2.5543234910345696
661,3.63118043635322,3.1562397434862897
662,0.3363047588580137,-4.69571122136627
663,4.113497337712614,3.794735847387061
664,2.004875267321646,-3.5462460075030826
665,0.40027758510538014,-4.817346136041533
666,1.4943857495277828,-0.8677375976365074
667,6.902658749635509,6.0988654198997745
668,2.234214761032212,1.5390454694741103
669,2.3948914781803214,0.13063969060351283
670,2.7339716053348857,1.2469410838845634
671,0.6484186480578346,-4.908382411871909
672,3.0850070964638068,2.5623534671539634
673,6.472084674407552,4.044694521274472
674,2.149397695237739,1.1792826503302796
675,4.358661055899907,3.8988561848170646
676,0.43251481416921284,-5.766534857955805
677,0.887899954819268,-0.7267746817971434
678,0.8948364158585103,-0.646909116481569
679,2.0192956504985835,-1.3944078743041604
680,2.1458432314234925,1.898643810726333
681,0.24368735490565951,-2.845620202950115
682,0.9349305977649836,-4.845023706750387
683,1.5496416788289102,-5.391695755363818
684,2.95891841359029,2.3951941857297507
685,3.7624251953830825,1.8900479042246916
686,0.7389739366235568,-1.516173201492605
687,2.142307172197375,-1.019281466469071
688,5.857715010949826,4.013597659399542
689,3.542578450818505,-0.9923781503588132
690,2.649422635280029,0.8236765177792311
691,0.25536079548952345,-2.0478550264586275
692,1.2697133909720533,-4.492589393573357
693,0.2038099335200864,-2.6734988491366156
694,2.266511813290309,1.1624582752590258
695,3.74542147984792,-0.5285817741018712
696,2.2942118811613357,2.2942118811613357
697,0.04082959709800123,-2.1806730345002796
698,5.161177030076587,4.282129662967846
699,0.8431751093247404,-3.8175519884275446
700,4.223483202836363,4.208802230235234
701,3.4277261949723066,1.7453204860704856
702,8.977180217855253,8.750960428213896
703,1.6097508032799535,-1.0308322215120742
704,1.402146551719291,1.039157248872648
705,0.4083113875723025,-2.635307566378392
706,0.00733339223452539,-1.8869797492967888
707,4.942748316704915,3.9645833465835776
708,2.0368753999095635,0.10178526968851317
709,3.2860942651463225,2.7908908115532016
710,0.7174101841743961,-1.913253266955819
711,8.24260873122138,7.190476077537377
712,1.3721894720519974,-2.872727354866934
713,2.7573942029766134,-1.2528390181608047
714,3.1298057843346934,-0.04421055898726016
715,1.7198839181461578,0.17929562080988232
716,1.5757816072443442,-4.384204119274581
717,3.9196704961053803,-0.2791782989263486
718,1.6746895557135457,0.5635932844612477
719,1.683492520706737,1.0568067422171052
720,1.2832898177518557,0.2838055934676964
721,1.2150104755719702,-4.766521833576721
722,2.1303696866078528,1.2009100431185888
723,1.547709407345642,0.46060082582402756
724,0.21124334759803076,-1.5141050164148016
725,0.36302247042671,-5.045523816570211
726,5.969219316917934,5.5485621597599515
727,3.7117950140606135,0.6607659550800004
728,0.9445961897629165,-3.6408375299598137
729,3.5111995367190443,2.801962497638284
730,0.1593647428314307,-8.338994368680085
731,2.6387134405916797,2.310678878895818
732,0.6105538347151163,-2.9597308181849877
733,5.799901569909398,4.9789369289299215
734,2.6217926910758105,-0.31093676454701913
735,4.656278693281793,2.710696722128064
736,0.06627446151546616,-7.564052239362319
737,1.2383433521749019,-2.033244059464809
738,2.0118426696547704,1.4560279758040149
739,0.8933036485266794,-7.594692018622622
740,5.889066264313137,1.8696317617304574
741,0.7811320052595379,-2.030580906314483
742,0.7203555497288067,-6.822156145861557
743,1.35354243850439,-0.9713192660522163
744,0.5833834785422886,-3.1546944792372145
745,4.403307944514619,4.403307944514619
746,5.143155054424518,5.140487589717583
747,7.663864020546501,3.932817176299934
748,0.1956852159315855,-5.838831427798213
749,0.691294741731282,-2.8857321367569497
750,1.1537976000349799,-0.8517046754219266
751,2.406493717549843,0.6685365476056668
752,2.332856810513987,0.05486079805896554
753,6.660454064416204,5.577036683042487
754,4.395687798136059,4.262229688291892
755,1.1576099021906823,-1.8826918989276298
756,3.264670312624564,2.136987735502649
757,4.366528768288373,1.4750670459827584
758,0.3720446959577074,-1.3780158007711376
759,0.28252181790295433,-4.38752495956225
760,3.636397310859878,0.07564167035649283
761,1.8779628020286139,-2.152992021277097
762,2.2139208982090923,-2.857058754929192
763,0.9524929354301721,-2.723369254840673
764,1.4907486892695125,-1.8358233792624867
765,1.715838408980437,-1.3508507471663365
766,5.334755950537174,3.2288559513581436
767,1.9273231379768365,-4.363374240938118
768,0.9903161691760408,-0.6031286050068911
769,1.2729127048672215,0.5808160717514586
770,1.5846022000988826,1.4897678354191275
771,5.031306853461155,4.289238847731799
772,1.8066539863799054,-1.3474820373863883
773,0.0,-1.6156711339758831
774,2.4411845064601536,-2.178277580088077
775,3.661722746761118,-0.24808311787039514
776,3.037686088502607,1.048451682074416
777,0.001196258819689919,-0.47370018477580655
778,1.576974476213086,-1.7711219616712257
779,2.1039245409062146,0.8512234641995385
780,1.6773588040021212,-0.2831360369940027
781,1.0985879674392842,-4.191953006291338
782,2.003414847881296,0.6704690003254687
783,5.649078715630944,5.649078715630944
784,0.5169384887554116,-0.3629174165881244
785,0.0,-8.342417815220891
786,0.722795807464367,-3.0753470444766
787,4.851660188512391,3.253167329106093
788,4.702221792356413,2.4800145514264873
789,2.8179769225371345,0.8915458713875146
790,1.1804928142093825,-4.41634294601517
791,2.6213235351100934,1.0818596263002902
792,5.118575327280409,4.119213659796316
793,0.2854257468837894,-3.5975716506505
794,2.2769526737827,0.6460184785101841
795,3.9169682129599677,2.1831531572371228
796,2.0195291937783773,1.4513860420841367
797,5.84781660756058,5.333875502609442
798,7.633838710402952,7.475444882177387
799,1.7751828283137507,1.3596684690423997
800,1.6123460032702743,0.4357477509740055
801,1.4094643994409928,1.1642343951422793
802,2.019889324222341,-0.25103835946235276
803,2.262851656464658,-0.870159488498257
804,0.5457817979423529,0.06244428378588933
805,1.2153542809118492,0.690127777401593
806,1.7660334376700773,-4.894091633473563
807,1.8227282135876897,1.6751019697412062
808,9.3709624151628,8.596085792378945
809,1.4743720689752202,-2.1008703953164214
810,0.7503358656349094,-1.789808022882589
811,8.10083424206358,7.746514489480624
812,0.2406009669291898,-6.069505129360269
813,1.0258221917757284,-2.091960218544307
814,8.793545564923052,8.793545564923052
815,0.39079718010226155,-4.092803049243135
816,3.1547168714686045,-2.5988331353717955
817,5.773883383999622,3.5126930609055402
818,0.6506256441388871,-2.6792415742663156
819,6.77921736810783,6.77921736810783
820,3.46548645414061,1.514662690928775
821,0.32406780335390273,-3.7314960680591356
822,0.5420877467512365,-2.312543772955233
823,0.5809779423530593,-2.821563768366993
824,3.8429063105996133,-1.5415647809595503
825,6.800908725925386,5.438352776700455
826,1.634943898962287,-0.3490995481070067
827,3.444435891008615,2.050345952055185
828,0.320485188168236,-1.4934935348207226
829,3.5112479615635315,3.334337315082872
830,0.3855681029640281,-4.668262453210594
831,4.133697596869252,0.08466408799957595
832,0.5816755728699904,-6.335431526031517
833,5.818220239274574,4.754311340470601
834,2.6504221548152747,-0.0541037017069157
835,0.2651440690758676,-3.7689258401972645
836,0.3679037234500294,-5.580905529947926
837,1.2435054004692585,-2.144900231560734
838,2.1606990974907703,-2.6044978193996746
839,5.476206465331458,1.872323523917471
840,3.400058054628807,2.867950264531551
841,0.04090838703288931,-4.479596632704872
842,4.41004568342644,4.41004568342644
843,3.898594360248425,3.801989261607032
844,3.9398219851326544,3.3133410992575056
845,2.4738059272545816,2.339354350234005
846,0.7792685983240111,-0.15323173054770134
847,3.785281727982994,2.7679038122937207
848,2.127017253824225,0.07605893031827515
849,5.677542425048457,5.271705274418991
850,0.5639662926575899,-0.831575439105931
851,4.088805404520259,1.8598709591220552
852,1.504690417803404,-1.5215265269708458
853,0.21385920915605797,-1.8996584449765792
854,0.8869444012233545,-8.344699606395105
855,7.153067098707746,7.153067098707746
856,1.3396719088143838,-5.686104544298482
857,0.0,-1.110259923143399
858,0.7354251168263624,0.6722752930796174
859,1.1659212744831098,-0.4850363889823785
860,1.5007408928660007,-2.446362989106712
861,2.196879683455551,1.6976871251160086
862,0.9439919582088966,-0.7493693653097022
863,3.8119686038549165,3.020015924144538
864,5.955699653639453,3.877995129539364
865,2.0534543474973015,-1.7485409327798629
866,3.293122132419852,-0.07837107243784984
867,2.5483187808934566,0.6914116619669709
868,0.921568359806502,-2.903905515402398
869,5.392887580064488,2.6594015282378893
870,2.9103599911144564,1.2999216674380467
871,0.25130445976144256,-6.4940707911620095
872,7.051920477766892,7.019621012941121
873,3.4175270551351393,2.222937136554382
874,1.7941894351923127,1.6711586970955439
875,0.5838494442812713,-3.882140443858929
876,1.1288439068315255,-1.5693242256855315
877,4.599362264634783,2.5740216088715484
878,0.36734410053664845,-2.6301851710369237
879,4.363909303731895,4.328786232909079
880,7.312294622447751,6.501370818288593
881,2.0673091515389297,2.0673091515389297
882,3.3138452362761397,1.5194816571886507
883,2.8610035956105886,2.365051904290811
884,0.30221584553153946,-6.418507613415224
885,0.4493696887670511,-5.121159698251127
886,3.6203058494374702,2.149064571003174
887,3.2982501836322857,-0.5562092093324585
888,1.2387134962833732,-1.5867582908125089
889,5.719899302391185,4.353778672107349
890,2.9049609423276497,1.5922746167280912
891,0.149554335428943,-5.583025967662494
892,0.2547200465281806,-0.27980464727982984
893,4.709842084528554,4.451650672905384
894,0.5134388559639966,-2.0829257432838335
895,1.2864904975205307,-2.108806924409872
896,0.9239752666855613,-2.945826495849422
897,2.353697222422816,-2.242084889837447
898,4.591825281135132,1.9292305684837512
899,2.879515831386376,2.54869957057802
900,0.0,-4.7691912156915395
901,1.4609987814570176,-0.47046901799874097
902,0.029920233058287005,-1.0961769751331218
903,2.1215945522624975,0.15087334397758367
904,4.585103040462505,2.6163442373843617
905,1.3642041541715588,-3.6093079079963037
906,0.42209888730536466,-3.213689544934236
907,2.1739062828880473,-2.448394368842365
908,2.654702892207184,2.067272910685244
909,5.029099684943058,3.76725457547905
910,1.0448944320993245,-0.605173067261741
911,1.2232071260717887,-0.2016472783823525
912,3.619887633086555,-1.1504025128666635
913,6.392816082451839,5.954301206471793
914,0.7568916005507459,-4.750179702787793
915,0.24776304217485315,-3.4856677164103025
916,3.648832666185818,1.5841884948049243
917,0.0,-1.3282200282434737
918,0.2974457319232488,-1.706587590019931
919,0.3481740245707398,-0.7108947680301452
920,3.18996476758185,2.476309620987159
921,5.666592217895945,1.471437454577589
922,2.3867587021469543,-4.05797375230932
923,5.614980721160592,4.577260575460204
924,4.6312917856189655,-0.12244034774709975
925,1.4183205587743706,-1.405656311131134
926,4.325694006548163,0.6947552266247422
927,0.0,-3.6776354153843163
928,0.40404716495755927,-0.05216704665986562
929,4.328072394295363,2.057803959806415
930,4.6379658732154905,3.375282607821351
931,6.001519332593997,3.0998618473253305
932,0.21558761635605267,-3.512961653988833
933,0.0983603433080488,-2.3949371296861792
934,0.7950446951775376,-1.598674223026493
935,4.235544746683524,3.040853015819616
936,4.1292766144406245,0.46463436261964997
937,4.593360133847338,4.512312600320423
938,3.3121379930293857,-0.1821195916533418
939,0.5118348681267467,-2.725100388131132
940,1.2253076110027092,-10.182236322570255
941,0.8274665953237402,-1.701375787559981
942,0.008319806116641503,-2.943390660679204
943,0.5438078454739024,-4.027752147087767
944,0.870590032603654,-4.830973157780516
945,0.23921801358726585,-3.3082314517370985
946,1.8212768882992698,0.33756643493616384
947,1.0420405296635105,-0.999075921673141
948,2.706805153443801,1.4799729619620094
949,0.0,-1.989946003481089
950,5.61506061535717,5.295732822295656
951,3.6372930306375766,3.314036518220177
952,0.34104427101729745,-7.021704063847613
953,1.6606460521326414,-0.47519840224990234
954,1.7230463826375677,-0.44504981854946774
955,6.447174862306595,4.520626270590926
956,1.3356730106772619,1.3356730106772619
957,2.076274932997903,1.3635031624238545
958,2.050636254603298,-0.9152936997568866
959,1.7444828384860434,-1.2609201373835106
960,0.5112196025875032,-2.09557521620388
961,5.008727526273901,2.5203456832001394
962,2.108763577480567,1.9570254942504726
963,0.4338425767413267,-0.9189284719446769
964,0.12875818096662495,-4.642242435532853
965,5.764842498509833,5.250148491651234
966,1.908049940399113,-4.293985337863874
967,2.600782083382503,1.7499618060425113
968,2.8945151672089473,-2.8560413771982254
969,8.484393922446158,7.291583416669009
970,3.4493250400991284,2.8595104926660047
971,0.4799019334723849,-0.9487277232026929
972,0.05828359181492265,-3.9412765501779714
973,0.46297193634159983,-2.714208160880291
974,4.847649829368841,4.7824512152280905
975,2.4205837839371522,1.671905443588414
976,1.5930070508538516,0.5861155310684651
977,3.487350082524722,0.6088760407584888
978,1.440834975215152,0.3736293969154455
979,0.8151229724002897,-1.5734760731832984
980,2.5736292540821046,1.1851776160504388
981,1.769895360331768,-0.36379705865242806
982,4.250506663977612,1.4270837704685344
983,0.0,-3.888227349927695
984,3.862349828372692,3.7654079194067065
985,1.967606389176787,-2.216530133442994
986,2.8498873292440927,2.6188447966054555
987,3.2258979375377383,-1.491847650671899
988,0.6475876613076392,-0.8324551028076063
989,0.46103590471398515,-5.7440525469096215
990,4.350668156460506,1.6591280047446977
991,0.3575393855267998,-0.7828566946222784
992,0.0,-6.933375386789721
993,2.5451708797745263,0.534161473499574
994,2.68543602210252,0.49235272232101984
995,2.0856216503440574,-0.7283178080276165
996,0.0,-5.59763619162043
997,0.24086242541689878,-3.2661343132877514
998,1.5637498501101763,0.3299958945693013
999,4.057448955119659,0.1843719839996199
1000,1.0299042121248845,1.0299042121248845
