Simulation,N_t_hat,N_t_circ
1,109.04639781775012,148.0
2,108.04639781775012,146.0
3,113.04639781775012,156.0
4,117.04639781775012,164.0
5,115.04639781775012,160.0
6,114.04639781775012,158.0
7,106.04639781775012,142.0
8,103.04639781775012,136.0
9,108.04639781775012,146.0
10,87.04639781775012,104.0
11,112.04639781775012,154.0
12,102.04639781775012,134.0
13,108.04639781775012,146.0
14,106.04639781775012,142.0
15,110.04639781775012,150.0
16,102.04639781775012,134.0
17,108.04639781775012,146.0
18,99.04639781775012,128.0
19,92.04639781775012,114.0
20,116.04639781775012,162.0
21,114.04639781775012,158.0
22,98.04639781775012,126.0
23,106.04639781775012,142.0
24,114.04639781775012,158.0
25,105.04639781775012,140.0
26,101.04639781775012,132.0
27,114.04639781775012,158.0
28,111.04639781775012,152.0
29,107.04639781775012,144.0
30,124.04639781775012,178.0
31,105.04639781775012,140.0
32,103.04639781775012,136.0
33,107.04639781775012,144.0
34,108.04639781775012,146.0
35,96.04639781775012,122.0
36,95.04639781775012,120.0
37,117.04639781775012,164.0
38,101.04639781775012,132.0
39,102.04639781775012,134.0
40,101.04639781775012,132.0
41,110.04639781775012,150.0
42,101.04639781775012,132.0
43,98.04639781775012,126.0
44,123.04639781775012,176.0
45,111.04639781775012,152.0
46,123.04639781775012,176.0
47,94.04639781775012,118.0
48,121.04639781775012,172.0
49,106.04639781775012,142.0
50,91.04639781775012,112.0
51,98.04639781775012,126.0
52,93.04639781775012,116.0
53,107.04639781775012,144.0
54,107.04639781775012,144.0
55,100.04639781775012,130.0
56,118.04639781775012,166.0
57,111.04639781775012,152.0
58,94.04639781775012,118.0
59,99.04639781775012,128.0
60,99.04639781775012,128.0
61,97.04639781775012,124.0
62,100.04639781775012,130.0
63,99.04639781775012,128.0
64,99.04639781775012,128.0
65,110.04639781775012,150.0
66,99.04639781775012,128.0
67,103.04639781775012,136.0
68,100.04639781775012,130.0
69,111.04639781775012,152.0
70,106.04639781775012,142.0
71,100.04639781775012,130.0
72,98.04639781775012,126.0
73,114.04639781775012,158.0
74,88.04639781775012,106.0
75,110.04639781775012,150.0
76,100.04639781775012,130.0
77,105.04639781775012,140.0
78,99.04639781775012,128.0
79,106.04639781775012,142.0
80,91.04639781775012,112.0
81,116.04639781775012,162.0
82,104.04639781775012,138.0
83,98.04639781775012,126.0
84,97.04639781775012,124.0
85,99.04639781775012,128.0
86,109.04639781775012,148.0
87,94.04639781775012,118.0
88,115.04639781775012,160.0
89,100.04639781775012,130.0
90,104.04639781775012,138.0
91,100.04639781775012,130.0
92,109.04639781775012,148.0
93,104.04639781775012,138.0
94,97.04639781775012,124.0
95,123.04639781775012,176.0
96,99.04639781775012,128.0
97,98.04639781775012,126.0
98,102.04639781775012,134.0
99,116.04639781775012,162.0
100,98.04639781775012,126.0
101,88.04639781775012,106.0
102,100.04639781775012,130.0
103,100.04639781775012,130.0
104,94.04639781775012,118.0
105,93.04639781775012,116.0
106,103.04639781775012,136.0
107,118.04639781775012,166.0
108,109.04639781775012,148.0
109,104.04639781775012,138.0
110,95.04639781775012,120.0
111,109.04639781775012,148.0
112,90.04639781775012,110.0
113,103.04639781775012,136.0
114,100.04639781775012,130.0
115,116.04639781775012,162.0
116,110.04639781775012,150.0
117,101.04639781775012,132.0
118,105.04639781775012,140.0
119,108.04639781775012,146.0
120,96.04639781775012,122.0
121,100.04639781775012,130.0
122,101.04639781775012,132.0
123,102.04639781775012,134.0
124,100.04639781775012,130.0
125,107.04639781775012,144.0
126,92.04639781775012,114.0
127,115.04639781775012,160.0
128,104.04639781775012,138.0
129,115.04639781775012,160.0
130,104.04639781775012,138.0
131,119.04639781775012,168.0
132,102.04639781775012,134.0
133,111.04639781775012,152.0
134,103.04639781775012,136.0
135,95.04639781775012,120.0
136,103.04639781775012,136.0
137,112.04639781775012,154.0
138,105.04639781775012,140.0
139,88.04639781775012,106.0
140,89.04639781775012,108.0
141,96.04639781775012,122.0
142,104.04639781775012,138.0
143,109.04639781775012,148.0
144,101.04639781775012,132.0
145,112.04639781775012,154.0
146,99.04639781775012,128.0
147,98.04639781775012,126.0
148,107.04639781775012,144.0
149,100.04639781775012,130.0
150,126.04639781775012,182.0
151,104.04639781775012,138.0
152,105.04639781775012,140.0
153,104.04639781775012,138.0
154,102.04639781775012,134.0
155,117.04639781775012,164.0
156,111.04639781775012,152.0
157,111.04639781775012,152.0
158,105.04639781775012,140.0
159,117.04639781775012,164.0
160,100.04639781775012,130.0
161,115.04639781775012,160.0
162,126.04639781775012,182.0
163,93.04639781775012,116.0
164,90.04639781775012,110.0
165,107.04639781775012,144.0
166,96.04639781775012,122.0
167,88.04639781775012,106.0
168,89.04639781775012,108.0
169,113.04639781775012,156.0
170,104.04639781775012,138.0
171,115.04639781775012,160.0
172,106.04639781775012,142.0
173,105.04639781775012,140.0
174,106.04639781775012,142.0
175,106.04639781775012,142.0
176,89.04639781775012,108.0
177,100.04639781775012,130.0
178,102.04639781775012,134.0
179,84.04639781775012,98.0
180,97.04639781775012,124.0
181,101.04639781775012,132.0
182,126.04639781775012,182.0
183,103.04639781775012,136.0
184,109.04639781775012,148.0
185,114.04639781775012,158.0
186,115.04639781775012,160.0
187,106.04639781775012,142.0
188,98.04639781775012,126.0
189,100.04639781775012,130.0
190,111.04639781775012,152.0
191,116.04639781775012,162.0
192,100.04639781775012,130.0
193,112.04639781775012,154.0
194,94.04639781775012,118.0
195,114.04639781775012,158.0
196,111.04639781775012,152.0
197,98.04639781775012,126.0
198,109.04639781775012,148.0
199,110.04639781775012,150.0
200,110.04639781775012,150.0
201,107.04639781775012,144.0
202,99.04639781775012,128.0
203,122.04639781775012,174.0
204,102.04639781775012,134.0
205,115.04639781775012,160.0
206,106.04639781775012,142.0
207,95.04639781775012,120.0
208,94.04639781775012,118.0
209,119.04639781775012,168.0
210,99.04639781775012,128.0
211,101.04639781775012,132.0
212,117.04639781775012,164.0
213,110.04639781775012,150.0
214,110.04639781775012,150.0
215,106.04639781775012,142.0
216,91.04639781775012,112.0
217,100.04639781775012,130.0
218,95.04639781775012,120.0
219,106.04639781775012,142.0
220,99.04639781775012,128.0
221,112.04639781775012,154.0
222,109.04639781775012,148.0
223,109.04639781775012,148.0
224,107.04639781775012,144.0
225,96.04639781775012,122.0
226,82.04639781775012,94.0
227,97.04639781775012,124.0
228,131.04639781775012,192.0
229,104.04639781775012,138.0
230,105.04639781775012,140.0
231,102.04639781775012,134.0
232,97.04639781775012,124.0
233,103.04639781775012,136.0
234,106.04639781775012,142.0
235,106.04639781775012,142.0
236,103.04639781775012,136.0
237,97.04639781775012,124.0
238,115.04639781775012,160.0
239,109.04639781775012,148.0
240,111.04639781775012,152.0
241,114.04639781775012,158.0
242,97.04639781775012,124.0
243,123.04639781775012,176.0
244,94.04639781775012,118.0
245,92.04639781775012,114.0
246,111.04639781775012,152.0
247,106.04639781775012,142.0
248,100.04639781775012,130.0
249,100.04639781775012,130.0
250,90.04639781775012,110.0
251,99.04639781775012,128.0
252,118.04639781775012,166.0
253,93.04639781775012,116.0
254,103.04639781775012,136.0
255,107.04639781775012,144.0
256,106.04639781775012,142.0
257,107.04639781775012,144.0
258,115.04639781775012,160.0
259,111.04639781775012,152.0
260,103.04639781775012,136.0
261,103.04639781775012,136.0
262,106.04639781775012,142.0
263,105.04639781775012,140.0
264,110.04639781775012,150.0
265,104.04639781775012,138.0
266,98.04639781775012,126.0
267,101.04639781775012,132.0
268,113.04639781775012,156.0
269,104.04639781775012,138.0
270,114.04639781775012,158.0
271,95.04639781775012,120.0
272,100.04639781775012,130.0
273,96.04639781775012,122.0
274,94.04639781775012,118.0
275,94.04639781775012,118.0
276,99.04639781775012,128.0
277,98.04639781775012,126.0
278,114.04639781775012,158.0
279,104.04639781775012,138.0
280,102.04639781775012,134.0
281,96.04639781775012,122.0
282,101.04639781775012,132.0
283,107.04639781775012,144.0
284,100.04639781775012,130.0
285,104.04639781775012,138.0
286,107.04639781775012,144.0
287,99.04639781775012,128.0
288,115.04639781775012,160.0
289,105.04639781775012,140.0
290,119.04639781775012,168.0
291,101.04639781775012,132.0
292,110.04639781775012,150.0
293,106.04639781775012,142.0
294,122.04639781775012,174.0
295,103.04639781775012,136.0
296,124.04639781775012,178.0
297,99.04639781775012,128.0
298,116.04639781775012,162.0
299,106.04639781775012,142.0
300,109.04639781775012,148.0
301,97.04639781775012,124.0
302,119.04639781775012,168.0
303,102.04639781775012,134.0
304,111.04639781775012,152.0
305,95.04639781775012,120.0
306,102.04639781775012,134.0
307,94.04639781775012,118.0
308,91.04639781775012,112.0
309,103.04639781775012,136.0
310,114.04639781775012,158.0
311,101.04639781775012,132.0
312,98.04639781775012,126.0
313,105.04639781775012,140.0
314,112.04639781775012,154.0
315,111.04639781775012,152.0
316,111.04639781775012,152.0
317,117.04639781775012,164.0
318,101.04639781775012,132.0
319,104.04639781775012,138.0
320,95.04639781775012,120.0
321,120.04639781775012,170.0
322,97.04639781775012,124.0
323,106.04639781775012,142.0
324,97.04639781775012,124.0
325,102.04639781775012,134.0
326,97.04639781775012,124.0
327,96.04639781775012,122.0
328,115.04639781775012,160.0
329,115.04639781775012,160.0
330,109.04639781775012,148.0
331,100.04639781775012,130.0
332,98.04639781775012,126.0
333,96.04639781775012,122.0
334,116.04639781775012,162.0
335,116.04639781775012,162.0
336,110.04639781775012,150.0
337,105.04639781775012,140.0
338,118.04639781775012,166.0
339,110.04639781775012,150.0
340,103.04639781775012,136.0
341,112.04639781775012,154.0
342,111.04639781775012,152.0
343,117.04639781775012,164.0
344,103.04639781775012,136.0
345,108.04639781775012,146.0
346,96.04639781775012,122.0
347,110.04639781775012,150.0
348,98.04639781775012,126.0
349,93.04639781775012,116.0
350,92.04639781775012,114.0
351,103.04639781775012,136.0
352,109.04639781775012,148.0
353,114.04639781775012,158.0
354,92.04639781775012,114.0
355,97.04639781775012,124.0
356,118.04639781775012,166.0
357,117.04639781775012,164.0
358,115.04639781775012,160.0
359,97.04639781775012,124.0
360,109.04639781775012,148.0
361,107.04639781775012,144.0
362,111.04639781775012,152.0
363,105.04639781775012,140.0
364,103.04639781775012,136.0
365,104.04639781775012,138.0
366,105.04639781775012,140.0
367,123.04639781775012,176.0
368,103.04639781775012,136.0
369,119.04639781775012,168.0
370,106.04639781775012,142.0
371,121.04639781775012,172.0
372,109.04639781775012,148.0
373,114.04639781775012,158.0
374,105.04639781775012,140.0
375,102.04639781775012,134.0
376,98.04639781775012,126.0
377,99.04639781775012,128.0
378,108.04639781775012,146.0
379,104.04639781775012,138.0
380,115.04639781775012,160.0
381,95.04639781775012,120.0
382,92.04639781775012,114.0
383,102.04639781775012,134.0
384,120.04639781775012,170.0
385,103.04639781775012,136.0
386,108.04639781775012,146.0
387,116.04639781775012,162.0
388,98.04639781775012,126.0
389,111.04639781775012,152.0
390,87.04639781775012,104.0
391,97.04639781775012,124.0
392,101.04639781775012,132.0
393,100.04639781775012,130.0
394,96.04639781775012,122.0
395,91.04639781775012,112.0
396,105.04639781775012,140.0
397,106.04639781775012,142.0
398,122.04639781775012,174.0
399,102.04639781775012,134.0
400,98.04639781775012,126.0
401,102.04639781775012,134.0
402,109.04639781775012,148.0
403,113.04639781775012,156.0
404,91.04639781775012,112.0
405,113.04639781775012,156.0
406,101.04639781775012,132.0
407,108.04639781775012,146.0
408,95.04639781775012,120.0
409,100.04639781775012,130.0
410,110.04639781775012,150.0
411,103.04639781775012,136.0
412,112.04639781775012,154.0
413,107.04639781775012,144.0
414,105.04639781775012,140.0
415,103.04639781775012,136.0
416,100.04639781775012,130.0
417,108.04639781775012,146.0
418,102.04639781775012,134.0
419,123.04639781775012,176.0
420,93.04639781775012,116.0
421,126.04639781775012,182.0
422,109.04639781775012,148.0
423,118.04639781775012,166.0
424,105.04639781775012,140.0
425,106.04639781775012,142.0
426,101.04639781775012,132.0
427,105.04639781775012,140.0
428,113.04639781775012,156.0
429,100.04639781775012,130.0
430,105.04639781775012,140.0
431,95.04639781775012,120.0
432,104.04639781775012,138.0
433,110.04639781775012,150.0
434,107.04639781775012,144.0
435,94.04639781775012,118.0
436,100.04639781775012,130.0
437,118.04639781775012,166.0
438,100.04639781775012,130.0
439,103.04639781775012,136.0
440,113.04639781775012,156.0
441,105.04639781775012,140.0
442,109.04639781775012,148.0
443,114.04639781775012,158.0
444,101.04639781775012,132.0
445,107.04639781775012,144.0
446,82.04639781775012,94.0
447,95.04639781775012,120.0
448,106.04639781775012,142.0
449,108.04639781775012,146.0
450,96.04639781775012,122.0
451,109.04639781775012,148.0
452,107.04639781775012,144.0
453,107.04639781775012,144.0
454,92.04639781775012,114.0
455,94.04639781775012,118.0
456,116.04639781775012,162.0
457,113.04639781775012,156.0
458,96.04639781775012,122.0
459,92.04639781775012,114.0
460,94.04639781775012,118.0
461,95.04639781775012,120.0
462,90.04639781775012,110.0
463,120.04639781775012,170.0
464,108.04639781775012,146.0
465,101.04639781775012,132.0
466,117.04639781775012,164.0
467,102.04639781775012,134.0
468,100.04639781775012,130.0
469,121.04639781775012,172.0
470,92.04639781775012,114.0
471,99.04639781775012,128.0
472,107.04639781775012,144.0
473,102.04639781775012,134.0
474,98.04639781775012,126.0
475,107.04639781775012,144.0
476,105.04639781775012,140.0
477,109.04639781775012,148.0
478,101.04639781775012,132.0
479,101.04639781775012,132.0
480,113.04639781775012,156.0
481,116.04639781775012,162.0
482,107.04639781775012,144.0
483,101.04639781775012,132.0
484,113.04639781775012,156.0
485,125.04639781775012,180.0
486,111.04639781775012,152.0
487,104.04639781775012,138.0
488,104.04639781775012,138.0
489,114.04639781775012,158.0
490,102.04639781775012,134.0
491,100.04639781775012,130.0
492,98.04639781775012,126.0
493,95.04639781775012,120.0
494,93.04639781775012,116.0
495,103.04639781775012,136.0
496,107.04639781775012,144.0
497,106.04639781775012,142.0
498,94.04639781775012,118.0
499,99.04639781775012,128.0
500,109.04639781775012,148.0
501,108.04639781775012,146.0
502,103.04639781775012,136.0
503,100.04639781775012,130.0
504,102.04639781775012,134.0
505,98.04639781775012,126.0
506,110.04639781775012,150.0
507,99.04639781775012,128.0
508,125.04639781775012,180.0
509,100.04639781775012,130.0
510,106.04639781775012,142.0
511,105.04639781775012,140.0
512,115.04639781775012,160.0
513,95.04639781775012,120.0
514,99.04639781775012,128.0
515,94.04639781775012,118.0
516,106.04639781775012,142.0
517,95.04639781775012,120.0
518,95.04639781775012,120.0
519,101.04639781775012,132.0
520,93.04639781775012,116.0
521,95.04639781775012,120.0
522,109.04639781775012,148.0
523,122.04639781775012,174.0
524,97.04639781775012,124.0
525,112.04639781775012,154.0
526,114.04639781775012,158.0
527,117.04639781775012,164.0
528,108.04639781775012,146.0
529,107.04639781775012,144.0
530,121.04639781775012,172.0
531,119.04639781775012,168.0
532,112.04639781775012,154.0
533,107.04639781775012,144.0
534,111.04639781775012,152.0
535,107.04639781775012,144.0
536,90.04639781775012,110.0
537,104.04639781775012,138.0
538,105.04639781775012,140.0
539,104.04639781775012,138.0
540,90.04639781775012,110.0
541,112.04639781775012,154.0
542,103.04639781775012,136.0
543,93.04639781775012,116.0
544,98.04639781775012,126.0
545,102.04639781775012,134.0
546,109.04639781775012,148.0
547,102.04639781775012,134.0
548,119.04639781775012,168.0
549,108.04639781775012,146.0
550,90.04639781775012,110.0
551,117.04639781775012,164.0
552,109.04639781775012,148.0
553,96.04639781775012,122.0
554,94.04639781775012,118.0
555,106.04639781775012,142.0
556,97.04639781775012,124.0
557,118.04639781775012,166.0
558,111.04639781775012,152.0
559,113.04639781775012,156.0
560,88.04639781775012,106.0
561,90.04639781775012,110.0
562,90.04639781775012,110.0
563,111.04639781775012,152.0
564,107.04639781775012,144.0
565,107.04639781775012,144.0
566,116.04639781775012,162.0
567,112.04639781775012,154.0
568,102.04639781775012,134.0
569,101.04639781775012,132.0
570,100.04639781775012,130.0
571,108.04639781775012,146.0
572,108.04639781775012,146.0
573,114.04639781775012,158.0
574,108.04639781775012,146.0
575,107.04639781775012,144.0
576,106.04639781775012,142.0
577,107.04639781775012,144.0
578,117.04639781775012,164.0
579,111.04639781775012,152.0
580,107.04639781775012,144.0
581,114.04639781775012,158.0
582,104.04639781775012,138.0
583,98.04639781775012,126.0
584,105.04639781775012,140.0
585,100.04639781775012,130.0
586,105.04639781775012,140.0
587,116.04639781775012,162.0
588,117.04639781775012,164.0
589,102.04639781775012,134.0
590,109.04639781775012,148.0
591,110.04639781775012,150.0
592,108.04639781775012,146.0
593,108.04639781775012,146.0
594,107.04639781775012,144.0
595,103.04639781775012,136.0
596,109.04639781775012,148.0
597,103.04639781775012,136.0
598,101.04639781775012,132.0
599,96.04639781775012,122.0
600,106.04639781775012,142.0
601,90.04639781775012,110.0
602,106.04639781775012,142.0
603,106.04639781775012,142.0
604,94.04639781775012,118.0
605,92.04639781775012,114.0
606,123.04639781775012,176.0
607,115.04639781775012,160.0
608,106.04639781775012,142.0
609,107.04639781775012,144.0
610,101.04639781775012,132.0
611,99.04639781775012,128.0
612,106.04639781775012,142.0
613,115.04639781775012,160.0
614,94.04639781775012,118.0
615,119.04639781775012,168.0
616,100.04639781775012,130.0
617,109.04639781775012,148.0
618,93.04639781775012,116.0
619,109.04639781775012,148.0
620,89.04639781775012,108.0
621,96.04639781775012,122.0
622,117.04639781775012,164.0
623,110.04639781775012,150.0
624,102.04639781775012,134.0
625,111.04639781775012,152.0
626,94.04639781775012,118.0
627,98.04639781775012,126.0
628,114.04639781775012,158.0
629,96.04639781775012,122.0
630,119.04639781775012,168.0
631,103.04639781775012,136.0
632,86.04639781775012,102.0
633,97.04639781775012,124.0
634,113.04639781775012,156.0
635,96.04639781775012,122.0
636,96.04639781775012,122.0
637,98.04639781775012,126.0
638,96.04639781775012,122.0
639,95.04639781775012,120.0
640,101.04639781775012,132.0
641,96.04639781775012,122.0
642,114.04639781775012,158.0
643,105.04639781775012,140.0
644,99.04639781775012,128.0
645,111.04639781775012,152.0
646,104.04639781775012,138.0
647,106.04639781775012,142.0
648,104.04639781775012,138.0
649,89.04639781775012,108.0
650,111.04639781775012,152.0
651,97.04639781775012,124.0
652,94.04639781775012,118.0
653,108.04639781775012,146.0
654,121.04639781775012,172.0
655,93.04639781775012,116.0
656,96.04639781775012,122.0
657,113.04639781775012,156.0
658,106.04639781775012,142.0
659,105.04639781775012,140.0
660,105.04639781775012,140.0
661,97.04639781775012,124.0
662,110.04639781775012,150.0
663,107.04639781775012,144.0
664,94.04639781775012,118.0
665,99.04639781775012,128.0
666,102.04639781775012,134.0
667,109.04639781775012,148.0
668,127.04639781775012,184.0
669,116.04639781775012,162.0
670,113.04639781775012,156.0
671,109.04639781775012,148.0
672,108.04639781775012,146.0
673,111.04639781775012,152.0
674,87.04639781775012,104.0
675,95.04639781775012,120.0
676,112.04639781775012,154.0
677,92.04639781775012,114.0
678,116.04639781775012,162.0
679,99.04639781775012,128.0
680,104.04639781775012,138.0
681,104.04639781775012,138.0
682,94.04639781775012,118.0
683,110.04639781775012,150.0
684,109.04639781775012,148.0
685,104.04639781775012,138.0
686,123.04639781775012,176.0
687,95.04639781775012,120.0
688,108.04639781775012,146.0
689,102.04639781775012,134.0
690,107.04639781775012,144.0
691,111.04639781775012,152.0
692,99.04639781775012,128.0
693,121.04639781775012,172.0
694,93.04639781775012,116.0
695,103.04639781775012,136.0
696,112.04639781775012,154.0
697,118.04639781775012,166.0
698,109.04639781775012,148.0
699,90.04639781775012,110.0
700,99.04639781775012,128.0
701,118.04639781775012,166.0
702,103.04639781775012,136.0
703,97.04639781775012,124.0
704,103.04639781775012,136.0
705,98.04639781775012,126.0
706,105.04639781775012,140.0
707,114.04639781775012,158.0
708,103.04639781775012,136.0
709,107.04639781775012,144.0
710,98.04639781775012,126.0
711,105.04639781775012,140.0
712,96.04639781775012,122.0
713,98.04639781775012,126.0
714,107.04639781775012,144.0
715,107.04639781775012,144.0
716,103.04639781775012,136.0
717,107.04639781775012,144.0
718,107.04639781775012,144.0
719,92.04639781775012,114.0
720,114.04639781775012,158.0
721,104.04639781775012,138.0
722,119.04639781775012,168.0
723,100.04639781775012,130.0
724,95.04639781775012,120.0
725,122.04639781775012,174.0
726,115.04639781775012,160.0
727,96.04639781775012,122.0
728,115.04639781775012,160.0
729,97.04639781775012,124.0
730,94.04639781775012,118.0
731,87.04639781775012,104.0
732,101.04639781775012,132.0
733,106.04639781775012,142.0
734,109.04639781775012,148.0
735,120.04639781775012,170.0
736,90.04639781775012,110.0
737,93.04639781775012,116.0
738,116.04639781775012,162.0
739,98.04639781775012,126.0
740,105.04639781775012,140.0
741,92.04639781775012,114.0
742,92.04639781775012,114.0
743,111.04639781775012,152.0
744,103.04639781775012,136.0
745,108.04639781775012,146.0
746,98.04639781775012,126.0
747,117.04639781775012,164.0
748,115.04639781775012,160.0
749,98.04639781775012,126.0
750,116.04639781775012,162.0
751,123.04639781775012,176.0
752,110.04639781775012,150.0
753,105.04639781775012,140.0
754,101.04639781775012,132.0
755,112.04639781775012,154.0
756,104.04639781775012,138.0
757,99.04639781775012,128.0
758,110.04639781775012,150.0
759,113.04639781775012,156.0
760,111.04639781775012,152.0
761,102.04639781775012,134.0
762,128.04639781775012,186.0
763,98.04639781775012,126.0
764,91.04639781775012,112.0
765,103.04639781775012,136.0
766,106.04639781775012,142.0
767,98.04639781775012,126.0
768,127.04639781775012,184.0
769,109.04639781775012,148.0
770,106.04639781775012,142.0
771,101.04639781775012,132.0
772,113.04639781775012,156.0
773,101.04639781775012,132.0
774,111.04639781775012,152.0
775,95.04639781775012,120.0
776,96.04639781775012,122.0
777,114.04639781775012,158.0
778,101.04639781775012,132.0
779,110.04639781775012,150.0
780,116.04639781775012,162.0
781,117.04639781775012,164.0
782,129.04639781775012,188.0
783,107.04639781775012,144.0
784,107.04639781775012,144.0
785,105.04639781775012,140.0
786,95.04639781775012,120.0
787,108.04639781775012,146.0
788,100.04639781775012,130.0
789,110.04639781775012,150.0
790,105.04639781775012,140.0
791,114.04639781775012,158.0
792,105.04639781775012,140.0
793,85.04639781775012,100.0
794,107.04639781775012,144.0
795,101.04639781775012,132.0
796,119.04639781775012,168.0
797,101.04639781775012,132.0
798,101.04639781775012,132.0
799,101.04639781775012,132.0
800,99.04639781775012,128.0
801,119.04639781775012,168.0
802,99.04639781775012,128.0
803,105.04639781775012,140.0
804,97.04639781775012,124.0
805,102.04639781775012,134.0
806,100.04639781775012,130.0
807,104.04639781775012,138.0
808,102.04639781775012,134.0
809,99.04639781775012,128.0
810,123.04639781775012,176.0
811,96.04639781775012,122.0
812,95.04639781775012,120.0
813,114.04639781775012,158.0
814,103.04639781775012,136.0
815,104.04639781775012,138.0
816,110.04639781775012,150.0
817,102.04639781775012,134.0
818,90.04639781775012,110.0
819,89.04639781775012,108.0
820,113.04639781775012,156.0
821,108.04639781775012,146.0
822,96.04639781775012,122.0
823,114.04639781775012,158.0
824,101.04639781775012,132.0
825,118.04639781775012,166.0
826,97.04639781775012,124.0
827,102.04639781775012,134.0
828,107.04639781775012,144.0
829,90.04639781775012,110.0
830,89.04639781775012,108.0
831,99.04639781775012,128.0
832,97.04639781775012,124.0
833,104.04639781775012,138.0
834,104.04639781775012,138.0
835,103.04639781775012,136.0
836,105.04639781775012,140.0
837,104.04639781775012,138.0
838,93.04639781775012,116.0
839,107.04639781775012,144.0
840,102.04639781775012,134.0
841,134.04639781775012,198.0
842,128.04639781775012,186.0
843,118.04639781775012,166.0
844,97.04639781775012,124.0
845,108.04639781775012,146.0
846,103.04639781775012,136.0
847,94.04639781775012,118.0
848,110.04639781775012,150.0
849,111.04639781775012,152.0
850,109.04639781775012,148.0
851,106.04639781775012,142.0
852,103.04639781775012,136.0
853,94.04639781775012,118.0
854,108.04639781775012,146.0
855,100.04639781775012,130.0
856,101.04639781775012,132.0
857,132.04639781775012,194.0
858,96.04639781775012,122.0
859,105.04639781775012,140.0
860,108.04639781775012,146.0
861,100.04639781775012,130.0
862,108.04639781775012,146.0
863,93.04639781775012,116.0
864,93.04639781775012,116.0
865,112.04639781775012,154.0
866,111.04639781775012,152.0
867,100.04639781775012,130.0
868,126.04639781775012,182.0
869,120.04639781775012,170.0
870,106.04639781775012,142.0
871,105.04639781775012,140.0
872,101.04639781775012,132.0
873,96.04639781775012,122.0
874,104.04639781775012,138.0
875,116.04639781775012,162.0
876,102.04639781775012,134.0
877,104.04639781775012,138.0
878,112.04639781775012,154.0
879,100.04639781775012,130.0
880,111.04639781775012,152.0
881,106.04639781775012,142.0
882,103.04639781775012,136.0
883,91.04639781775012,112.0
884,97.04639781775012,124.0
885,120.04639781775012,170.0
886,114.04639781775012,158.0
887,112.04639781775012,154.0
888,102.04639781775012,134.0
889,111.04639781775012,152.0
890,93.04639781775012,116.0
891,105.04639781775012,140.0
892,95.04639781775012,120.0
893,93.04639781775012,116.0
894,128.04639781775012,186.0
895,108.04639781775012,146.0
896,102.04639781775012,134.0
897,116.04639781775012,162.0
898,95.04639781775012,120.0
899,108.04639781775012,146.0
900,97.04639781775012,124.0
901,112.04639781775012,154.0
902,110.04639781775012,150.0
903,112.04639781775012,154.0
904,110.04639781775012,150.0
905,110.04639781775012,150.0
906,119.04639781775012,168.0
907,107.04639781775012,144.0
908,104.04639781775012,138.0
909,97.04639781775012,124.0
910,110.04639781775012,150.0
911,117.04639781775012,164.0
912,109.04639781775012,148.0
913,109.04639781775012,148.0
914,101.04639781775012,132.0
915,98.04639781775012,126.0
916,96.04639781775012,122.0
917,109.04639781775012,148.0
918,95.04639781775012,120.0
919,109.04639781775012,148.0
920,116.04639781775012,162.0
921,114.04639781775012,158.0
922,115.04639781775012,160.0
923,111.04639781775012,152.0
924,98.04639781775012,126.0
925,97.04639781775012,124.0
926,110.04639781775012,150.0
927,96.04639781775012,122.0
928,96.04639781775012,122.0
929,113.04639781775012,156.0
930,98.04639781775012,126.0
931,104.04639781775012,138.0
932,111.04639781775012,152.0
933,111.04639781775012,152.0
934,119.04639781775012,168.0
935,115.04639781775012,160.0
936,106.04639781775012,142.0
937,110.04639781775012,150.0
938,113.04639781775012,156.0
939,95.04639781775012,120.0
940,121.04639781775012,172.0
941,98.04639781775012,126.0
942,114.04639781775012,158.0
943,110.04639781775012,150.0
944,101.04639781775012,132.0
945,103.04639781775012,136.0
946,113.04639781775012,156.0
947,106.04639781775012,142.0
948,95.04639781775012,120.0
949,122.04639781775012,174.0
950,103.04639781775012,136.0
951,97.04639781775012,124.0
952,112.04639781775012,154.0
953,93.04639781775012,116.0
954,108.04639781775012,146.0
955,99.04639781775012,128.0
956,99.04639781775012,128.0
957,109.04639781775012,148.0
958,104.04639781775012,138.0
959,102.04639781775012,134.0
960,110.04639781775012,150.0
961,100.04639781775012,130.0
962,101.04639781775012,132.0
963,109.04639781775012,148.0
964,105.04639781775012,140.0
965,88.04639781775012,106.0
966,112.04639781775012,154.0
967,108.04639781775012,146.0
968,108.04639781775012,146.0
969,106.04639781775012,142.0
970,120.04639781775012,170.0
971,91.04639781775012,112.0
972,101.04639781775012,132.0
973,101.04639781775012,132.0
974,113.04639781775012,156.0
975,100.04639781775012,130.0
976,100.04639781775012,130.0
977,120.04639781775012,170.0
978,109.04639781775012,148.0
979,116.04639781775012,162.0
980,106.04639781775012,142.0
981,103.04639781775012,136.0
982,98.04639781775012,126.0
983,111.04639781775012,152.0
984,108.04639781775012,146.0
985,114.04639781775012,158.0
986,105.04639781775012,140.0
987,97.04639781775012,124.0
988,98.04639781775012,126.0
989,110.04639781775012,150.0
990,111.04639781775012,152.0
991,111.04639781775012,152.0
992,97.04639781775012,124.0
993,91.04639781775012,112.0
994,104.04639781775012,138.0
995,106.04639781775012,142.0
996,136.04639781775012,202.0
997,101.04639781775012,132.0
998,89.04639781775012,108.0
999,111.04639781775012,152.0
1000,96.04639781775012,122.0
